1colA,1colB,1colC,1colD
2colA,2colB,2colC,2colD
3colA,3colB,3colC,3colD
4colA,4colB,4colC,4colD
5colA,5colB,5colC,5colD
6colA,6colB,6colC,6colD
7colA,7colB,7colC,7colD
8colA,8colB,8colC,8colD
9colA,9colB,9colC,9colD
10colA,10colB,10colC,10colD
11colA,11colB,11colC,11colD
12colA,12colB,12colC,12colD
13colA,13colB,13colC,13colD
14colA,14colB,14colC,14colD
15colA,15colB,15colC,15colD
16colA,16colB,16colC,16colD
17colA,17colB,17colC,17colD
18colA,18colB,18colC,18colD
19colA,19colB,19colC,19colD
20colA,20colB,20colC,20colD
21colA,21colB,21colC,21colD
22colA,22colB,22colC,22colD
23colA,23colB,23colC,23colD
24colA,24colB,24colC,24colD
25colA,25colB,25colC,25colD
26colA,26colB,26colC,26colD
27colA,27colB,27colC,27colD
28colA,28colB,28colC,28colD
29colA,29colB,29colC,29colD
30colA,30colB,30colC,30colD
31colA,31colB,31colC,31colD
32colA,32colB,32colC,32colD
33colA,33colB,33colC,33colD
34colA,34colB,34colC,34colD
35colA,35colB,35colC,35colD
36colA,36colB,36colC,36colD
37colA,37colB,37colC,37colD
38colA,38colB,38colC,38colD
39colA,39colB,39colC,39colD
40colA,40colB,40colC,40colD
41colA,41colB,41colC,41colD
42colA,42colB,42colC,42colD
43colA,43colB,43colC,43colD
44colA,44colB,44colC,44colD
45colA,45colB,45colC,45colD
46colA,46colB,46colC,46colD
47colA,47colB,47colC,47colD
48colA,48colB,48colC,48colD
49colA,49colB,49colC,49colD
50colA,50colB,50colC,50colD
51colA,51colB,51colC,51colD
52colA,52colB,52colC,52colD
53colA,53colB,53colC,53colD
54colA,54colB,54colC,54colD
55colA,55colB,55colC,55colD
56colA,56colB,56colC,56colD
57colA,57colB,57colC,57colD
58colA,58colB,58colC,58colD
59colA,59colB,59colC,59colD
60colA,60colB,60colC,60colD
61colA,61colB,61colC,61colD
62colA,62colB,62colC,62colD
63colA,63colB,63colC,63colD
64colA,64colB,64colC,64colD
65colA,65colB,65colC,65colD
66colA,66colB,66colC,66colD
67colA,67colB,67colC,67colD
68colA,68colB,68colC,68colD
69colA,69colB,69colC,69colD
70colA,70colB,70colC,70colD
71colA,71colB,71colC,71colD
72colA,72colB,72colC,72colD
73colA,73colB,73colC,73colD
74colA,74colB,74colC,74colD
75colA,75colB,75colC,75colD
76colA,76colB,76colC,76colD
77colA,77colB,77colC,77colD
78colA,78colB,78colC,78colD
79colA,79colB,79colC,79colD
80colA,80colB,80colC,80colD
81colA,81colB,81colC,81colD
82colA,82colB,82colC,82colD
83colA,83colB,83colC,83colD
84colA,84colB,84colC,84colD
85colA,85colB,85colC,85colD
86colA,86colB,86colC,86colD
87colA,87colB,87colC,87colD
88colA,88colB,88colC,88colD
89colA,89colB,89colC,89colD
90colA,90colB,90colC,90colD
91colA,91colB,91colC,91colD
92colA,92colB,92colC,92colD
93colA,93colB,93colC,93colD
94colA,94colB,94colC,94colD
95colA,95colB,95colC,95colD
96colA,96colB,96colC,96colD
97colA,97colB,97colC,97colD
98colA,98colB,98colC,98colD
99colA,99colB,99colC,99colD
100colA,100colB,100colC,100colD
